{
  "model_type": "xgboost",
  "trained_at": "2026-07-11T19:47:20.953978+00:00",
  "feature_columns": [
    "age",
    "trestbps",
    "chol",
    "thalach",
    "oldpeak",
    "sex",
    "cp",
    "fbs",
    "restecg",
    "exang",
    "slope",
    "ca",
    "thal"
  ],
  "numeric_features": [
    "age",
    "trestbps",
    "chol",
    "thalach",
    "oldpeak"
  ],
  "categorical_features": [
    "sex",
    "cp",
    "fbs",
    "restecg",
    "exang",
    "slope",
    "ca",
    "thal"
  ],
  "cv_roc_auc": 0.8792558620742902,
  "test_metrics": {
    "accuracy": 0.8478260869565217,
    "precision": 0.8303571428571429,
    "recall": 0.9117647058823529,
    "f1": 0.8691588785046729,
    "roc_auc": 0.9049497847919656
  },
  "best_params": {
    "model__colsample_bytree": "0.5742193220804656",
    "model__learning_rate": "0.04666963767236924",
    "model__max_depth": "3",
    "model__n_estimators": "230",
    "model__reg_lambda": "2.093887591710552",
    "model__subsample": "0.8012406594610214"
  },
  "n_train": 736,
  "n_test": 184,
  "all_models": [
    {
      "name": "logistic_regression",
      "cv_roc_auc": 0.8813936319627377,
      "test_metrics": {
        "accuracy": 0.7989130434782609,
        "precision": 0.8155339805825242,
        "recall": 0.8235294117647058,
        "f1": 0.8195121951219512,
        "roc_auc": 0.8950263032042085
      }
    },
    {
      "name": "random_forest",
      "cv_roc_auc": 0.8837728897620497,
      "test_metrics": {
        "accuracy": 0.8152173913043478,
        "precision": 0.8269230769230769,
        "recall": 0.8431372549019608,
        "f1": 0.8349514563106796,
        "roc_auc": 0.9096126255380201
      }
    },
    {
      "name": "xgboost",
      "cv_roc_auc": 0.8792558620742902,
      "test_metrics": {
        "accuracy": 0.8478260869565217,
        "precision": 0.8303571428571429,
        "recall": 0.9117647058823529,
        "f1": 0.8691588785046729,
        "roc_auc": 0.9049497847919656
      }
    },
    {
      "name": "svm",
      "cv_roc_auc": 0.8830594668806052,
      "test_metrics": {
        "accuracy": 0.7934782608695652,
        "precision": 0.7857142857142857,
        "recall": 0.8627450980392157,
        "f1": 0.822429906542056,
        "roc_auc": 0.900286944045911
      }
    }
  ]
}